{
  "id": 1,
  "meni": true,
  "page": "zvona",
  "folder": "/static/img/odjeli/zbirke/zvona/",
  "hr": {
    "hero": "Zbirka zvona",
    "header": "Voditeljica zbirke:\\nMaja Zidarić Pilat, kustosica\\nUvod u zbirku: u radno vrijeme",
    "content": "Zbirka zvona sastoji se od 23 crkvena zvona izlivena u bronci datirana u razdoblje od 14. do 19. stoljeća. Najveći je dio izliven u venecijanskim ljevaonicama, zatim po jedno u ljevaonicama u Ljubljani i Trstu, dok su majstor i mjesto nastanka za dva zvona nepoznati. Dekorirana vegetabilnim, religijskim i religioznim motivima te ispisana svjedočanstvima o naručitelju i majstoru (od kojih je jedan natpis na zvonu župne crkve sv. Jakova iz Kršana i na glagoljici), pripadaju značajnoj spomeničkoj baštini istarskog poluotoka.\\nZvona u Zbirci čine samo dio zvona koja su 1961. godine restitucijom kulturnih dobara vraćena iz Italije te upisana u Registar pokretnih spomenika kulture Kotara Rijeka 1962. godine. Ta su 33 registrirana zvona, zajedno s još dva neregistrirana zvona, činila tadašnju Zbirku. U razdoblju između 1986. i 1999. godine, temeljem Rješenja Regionalnog zavoda za zaštitu spomenika kulture u Rijeci (Državne uprave za zaštitu kulturne i prirodne baštine, odnosno Konzervatorskog odjela u Rijeci) iz Zbirke je crkvama vraćeno sveukupno 12 zvona (11 registriranih i jedno neregistrirano).\\n\\nZbirka zvona upisana je u Registar kulturnih dobara Republike Hrvatske temeljem Rješenja Ministarstva kulture Republike Hrvatske od 20. svibnja 2011. godine."
  },
  "en": {
    "hero": "Collection of Bells",
    "header": "Voditeljica zbirke:\\nMaja Zidarić Pilat, kustosica\\nUvod u zbirku: u radno vrijeme",
    "content": "Collection of Bells consists of 23 church bells cast in copper and dated in the period between the 14th and the 19th century. The majority of items is cast in Venice, one bell originates from Ljubljana, one from Trieste while the provenance of two bells is unknown. Decorated with flowers, leaves, abstract elements and religious motives and scenes together with inscriptions of the investor and the date of casting, the bells represent an important part of Istrian cultural heritage. The bell of the Parish church of St Jacob in Kršan even has Glagolitic inscriptions on it.\\nThe items within the Collection present only a small part of bells taken from Istrian churches during the Second World War. In 1961 some of them were returned to Istria and enlisted into the Register of movable cultural goods of the Rijeka County in 1962. The first Collection of Bells consisted of 33 registered and two unregistered bells. In the period between 1986 and 1999, by virtue of the Regional Institute for Preservation of Cultural Monuments in Rijeka (Public Administration for Preservation of Cultural and Natural Heritage, i.e. Conservation Department in Pula) twelve of them were returned to the bell towers (11 registered and one unregistered bell). \\n"
  }
}
