{
  "id": 5,
  "meni": false,
  "page": "domovinska",
  "folder": "/static/img/odjeli/zbirke/domovinska/",
  "hr": {
    "hero": "ZBIRKA DOMOVINSKOG RATA",
    "header": "Voditelj zbirke:\\nnepoznato\\nUvod u zbirku: nepoznato",
    "content": "Fond Zbirke Domovinskog rata oformljen je u najvećem dijelu darovanim predmetima od strane sudionika Domovinskog rata odnosno od strane pripadnika 154. brigade hrvatske vojske. U zbirci se nalazi: \\n-vojna odjeća i obuća\\n-vojna oprema\\n-vojno znakovlje (narukavne oznake)\\n-fotografije s ratišta i fotografije udruga proizašlih iz Domovinskog rata\\n-pjesme i karikature nastale na ličkoj bojišnici.\\nZnačaj zbirke leži u razumijevanju novije hrvatske povijesti i rata za neovisnost Republike Hrvatske, o čemu iz prve ruke progovaraju predmeti iz ove zbirke, a njezin fond kontinuirano se popunjava novim akvizicijama."
  },
  "en": {
    "hero": "HOMELAND WAR COLLECTION",
    "header": "Voditelj zbirke:\\nnepoznato\\nUvod u zbirku: nepoznato",
    "content": "Fundus of the Homeland War Collection was formed with donations of soldiers who participated in the War and were a part of the 154th Brigade of the Croatian Army. The Collection guards: \\n-military clothing and footware, \\n-military equipment,\\n-military insignia, \\n-photographs from the battlefields and photographs of associations derived from the Homeland War, \\n-songs and caricatures from the Lika battlefield. \\nImportance of the items within the Collection, which is continuously complemented with new acquisitions, is in understanding recent Croatian history and the Croatian War of Independence."
  }
}
