{
  "id": 7,
  "meni": false,
  "page": "razglednica",
  "folder": "/static/img/odjeli/zbirke/razglednica/",
  "hr": {
    "hero": "ZBIRKA RAZGLEDNICA I ČESTITKI",
    "header": "Voditeljica zbirke:\\nMaja Zidarić Pilat, kustosica\\nUvod u zbirku: nepoznato",
    "content": "Voditeljica zbirke: Maja Zidarić Pilat, kustosica\\nZbirka razglednica i čestitki jedna je od nekoliko većih zbirki Muzeja s građom datiranom od posljednjeg desetljeća 19. stoljeća do recentnog doba. Razglednice, originali i manjim dijelom pretisci starih razglednica te čestitke, motivima su raspoređene u sljedeće skupine:\\n−panorame Pazina\\n−vedute Pazina (dijelovi grada, ulice, trgovi, gospodarski, školski, vojni i drugi objekti)\\n−pazinski Kaštel\\n−Pazinčica, Pazinski potok i poplave\\n−vedute i panorame mjesta Pazinštine\\n−istarske narodne nošnje\\n−sakralni motivi\\n−spomen-razglednice i prigodne razglednice izdane povodom obilježavanja određenih godišnjica ili obljetnica\\n−božićne čestitke\\n−novogodišnje čestitke\\n−uskrsne čestitke.\\n\\nRazglednice unutar Zbirke razglednica i čestitki važan su svjedok izgleda i promjena urbanih identiteta, ali i svjedok društveno-ekonomskog razvitka. Važno je napomenuti da je većina nakladnika razglednica i čestitki iz Hrvatske i Italije, a veliki dio razglednica datiranih u prvu polovicu 20. stoljeća, izdavali su i pazinski nakladnici Osmano Giovanni Mazarelli, Josip Novak, Pasquale Zanini, Pasquale Ivich i Angelina Cipola."
  },
  "en": {
    "hero": "COLLECTION OF POSTCARDS AND GREETING CARDS",
    "header": "Voditeljica zbirke:\\nMaja Zidarić Pilat, kustosica\\nUvod u zbirku: nepoznato",
    "content": "Collection of Postcards and Greeting Cards is one of several larger Collections of the Museum whose fundus dates in the period between the last decade of the 19th century until recent times. Postcard originals and replicas of older postcards together with greeting cards can be divided into the following groups: \\n−panoramas of Pazin (parts of the city, streets, squares, economic facilities, school, military and other objects)\\n−Pazin Castle\\n−Pazin Stream (Pazinčica) and the floods\\n−Panoramas of the surrounding towns and area, \\n−traditional Istrian vestments, \\n−sacral motives, \\n−Commemorative and other occasional postcards issued to mark various anniversaries,\\n−Christmas greeting cards, \\n−New Years' greeting cards\\n−Easter greeting cards.\\n\\nPostcards within the Collection of Postcards and Greeting Cards are an important witness of appearance and the changes of urban identities and social-economical development. It is important to denote the fact that the majority of items within the COllection were issued In Croatia and Italy, dating in the first half of the 20th century. Besides that, some of the postcards were issued by publishers from Pazin, such as Osmano Giovanni Mazarelli, Josip Novak, Pasquale Zanini, Pasquale Ivich and Angelina Cipola."
  }
}
