{
  "id": 5,
  "meni": false,
  "page": "fotografija",
  "folder": "/static/img/odjeli/zbirke/fotografija/",
  "hr": {
    "hero": "zbirka fotografija i fotografskog pribora",
    "header": "Voditelj zbirke:\\nIvan Smoljan, kustos\\nUvod u zbirku: prema najavi",
    "content": "Zbirku fotografija i fotografske opreme, koja je jedna od većih zbirki Muzeja Grada Pazina, čine fotografije – crno-bijele i u koloru, negativi (na staklu), fotoalbumi te raznovrsna fotografska oprema i fotografski pribor. Građa zbirke datirana je u razdoblje od posljednjeg desetljeća 19. stoljeća do recentnog doba, a može se podijeliti u nekoliko tematskih skupina: \\n−panorame i vedute Pazina i mjesta Pazinštine\\n−individualni i grupni portreti žena, muškaraca, djece, učenika osnovnih škola i gimnazija, vojnika, obiteljski portreti, portreti sportskih (i drugih) udruga i udruženja\\n−javna događanja političkog, vjerskog, gospodarskog i sportskog života\\n−spomenici i grbovi\\n−Pazinski potok (Pazinčica) i poplave\\n−stalni postav Narodnog muzeja u Pazinu\\n−negativi na staklu\\n−fotoalbumi\\n−fotografski pribor i oprema.\\nIako veći dio fotografija zbirke nema poznate autore, dio fotografija s kraja 19. i početka 20. stoljeća pripisuju se fotografima iz Istre i drugih mjesta s područja Rijeke i Trsta (Atelier Flora ili E. Mioni iz Pule, G. B. Mazucco iz Gorice, A. Percich iz Voloskog, Giuseppe Wulz iz Trsta), ali i fotografima -  amaterima koji su radili i živjeli u Pazinu, primjerice slikaru Saši Šantelu. Od trećeg desetljeća u Pazinu djeluju, pa se tako i u fundusu Zbirke čuvaju, fotografska ostvarenja profesionalnih fotografa – Matka Gortana, Francesca Stepcicha i Erne Carletti, kasnije Marije Nađ i Bruna Stefanija. Fotografski pribor i oprema s kraja 19. i iz 20. stoljeća, stativi, kasete, torbe i pribor za laboratorijsku obradu fotografija, vrijedan su spomen fotografske kulture Pazina i Pazinštine."
  },
  "en": {
    "hero": "Photographs and Photographic equipment",
    "header": "Voditelj zbirke:\\nIvan Smoljan, kustos\\nUvod u zbirku: prema najavi",
    "content": "Collection of Photographs and Photographic Equipment, one of several larger museum Collections, consists of black and white photographs, negatives (on glass), photo albums and diverse photographic equipment and accessories. Items within the Collection date in the period from the last decade of the 19th century until recent times and can be divided into several thematic groups.\\n−panoramas of Pazin and the surrounding area,\\n−individual and group portraits of women, men, children, students of primary schools and Gymnasiums, soldiers, family portraits, portraits of sports (and other) associations,\\n−public events of political, religious, economy and sports character,\\n−monuments and coats of arms,\\n−Pazin Stream (Pazinčica) and the floods,\\n−Permanent exhibition of the National Museum in Pazin,\\n−negatives on glass,\\n−photo albums, \\n−photographic accessories and equipment.\\nAlthough the authors of majority of photographs are unknown, part of those dated at the end of the 19th century and beginning of the 20th century are attributed to photographers from Istria and other places around Rijeka and Trieste (Atelier Flora or E. Mioni from Pule, G. B. Mazucco from Gorizia, A. Percich from Volosko, Giuseppe Wulz from Trieste). Another part of photographs are attributed to amateur photographers who lived and worked in Pazin, like Saša Šantel. \\nThe fundus also guards photographic accomplishments of professional photographers active during the 1930s – Marko Gortan, Francesco Stepcich and Erna Carletti, later Marija Nađ and Bruno Stefani.\\nPhotographic accessories and equipment from the end of the 19th and the 20th century, photo stands, casetes, bags and laboratory processing equipment are an important reminder of photographic culture of Pazin and beyond."
  }
}
