{
  "id": 11,
  "meni": false,
  "page": "varia",
  "folder": "/static/img/odjeli/zbirke/varia/",
  "hr": {
    "hero": "ZBIRKA VARIA",
    "header": "Voditelj zbirke:\\nnepoznato\\nUvod u zbirku: nepoznato",
    "content": "Zbirku varia čine predmeti koji svojim sadržajem i funkcijom nisu mogli biti razvrstani u druge muzejske zbirke. Građa datira u razdoblje 19. i 20. stoljeća, s iznimkom nekoliko predmeta recentnog doba. Raznovrsnost se Zbirke očituje u mnogobrojnosti materijala (drvo, staklo, keramika, papir, tekstil, plastika) i raznorodnosti funkcija prema čemu se građa unutar zbirke može podijeliti u nekoliko skupina:\\n-građa iz ostavštine slikara, likovnog i glazbenog pedagoga, skladatelja i editor Saše Šantela (slikarski pribor)\\n-drveni dekorativni okviri\\n-štafetne palice,\\n-oznake ulica grada Pazina i kućni brojevi\\n-suveniri (motivima ili tematski vezani za Pazin i Pazinštinu)\\n-reklamni materijali (kemijske olovke, reklamne torbe itd.)."
  },
  "en": {
    "hero": "COLLECTION OF TEXTILES, FASHION ACCESSORIES AND JEWELRY",
    "header": "Voditelj zbirke:\\nnepoznato\\nUvod u zbirku: nepoznato",
    "content": "Collection of Textiles, Fashion Accessories and Jewelry consists of items dated in the 19th and the 20th century witnessing this specific aspect of the urban and rural life. Fundus of the Collection can be divided into following groups: \\n−Household items – towels, tablecloths, napkins, mats etc. \\n−house and apartment equipment – curtains, carpets, decorative wall rags etc. \\n−sets of bed linen – pillow cases, sheets, bed covers, \\n−clothing and fashion accessories – forma male suits, dresses, shirts, night gowns, housecoats, male and female ceremonial outfits (wedding dress), women's purses and men's business bags, wallets, shoes, …\\n−haberdashery - buttons.\\n\\nMajority of items within the Collection was used in households on a everyday basis. Pillow cases and towels decorated with hand-knit monogrames, bed cover and a large number of women's purses stand out of the collection by details, manner of production and preservation. So does the wedding dress from 1975 and its accessory – white crape paper hand made purse.\\nBusiness bag and cylinder, belonging to Saša Šantel, are also a part of the Collection of Textiles, Fashion Accessories and Jewelry."
  }
}
