{
  "id": 8,
  "meni": false,
  "page": "grafika",
  "folder": "/static/img/odjeli/zbirke/grafika/",
  "hr": {
    "hero": "ZBIRKA SKULPTURA, SLIKA I GRAFIKA",
    "header": "Voditeljica zbirke:\\nMaja Zidarić Pilat, kustosica\\nUvod u zbirku: nepoznato",
    "content": "Voditeljica zbirke: Maja Zidarić Pilat, kustosica\\nZbirka razglednica i čestitki jedna je od nekoliko većih zbirki Muzeja s građom datiranom od posljednjeg desetljeća 19. stoljeća do recentnog doba. Razglednice, originali i manjim dijelom pretisci starih razglednica te čestitke, motivima su raspoređene u sljedeće skupine:\\n−panorame Pazina\\n−vedute Pazina (dijelovi grada, ulice, trgovi, gospodarski, školski, vojni i drugi objekti)\\n−pazinski Kaštel\\n−Pazinčica, Pazinski potok i poplave\\n−vedute i panorame mjesta Pazinštine\\n−istarske narodne nošnje\\n−sakralni motivi\\n−spomen-razglednice i prigodne razglednice izdane povodom obilježavanja određenih godišnjica ili obljetnica\\n−božićne čestitke\\n−novogodišnje čestitke\\n−uskrsne čestitke.\\n\\nRazglednice unutar Zbirke razglednica i čestitki važan su svjedok izgleda i promjena urbanih identiteta, ali i svjedok društveno-ekonomskog razvitka. Važno je napomenuti da je većina nakladnika razglednica i čestitki iz Hrvatske i Italije, a veliki dio razglednica datiranih u prvu polovicu 20. stoljeća, izdavali su i pazinski nakladnici Osmano Giovanni Mazarelli, Josip Novak, Pasquale Zanini, Pasquale Ivich i Angelina Cipola."
  },
  "en": {
    "hero": "COLLECTION OF SCULPTURES, PAINTINGS AND GRAPHIC ARTS",
    "header": "Voditeljica zbirke:\\nMaja Zidarić Pilat, kustosica\\nUvod u zbirku: nepoznato",
    "content": "Collection of Sculptures, Paintings and Graphic is the Museum's smallest Collection in number of items within it. It consists of oils on canvas, drawings, graphic arts and plastics. Items within the Collection are dated in the period between the 18th until the 20th century. \\nAn oil on canvas from 1885 depicting the portrait of Faustina de Francesci stands out from the Collection representing the importance of the Italian family De Franceschi whose members were prominent cultural, political and art activists in Istria. \\nBesides the mentioned, works by Saša Šantel are also a part of this Collection. \\n"
  }
}
