{
  "id": 1,
  "meni": false,
  "page": "arheoloska",
  "folder": "/static/img/odjeli/zbirke/arheoloska/",
  "hr": {
    "hero": "ARHEOLOŠKA ZBIRKA",
    "header": "Voditelj zbirke:\\nnepoznato\\nUvod u zbirku: nepoznato",
    "content": "Arheološka zbirka sastoji se od građe datirane u razdoblje od 1. stoljeća n. e. pa sve do 20. stoljeća. Prema materijalu predmete iz ove zbirke možemo podijeliti na kamene predmete, fragmente keramike i stakla te u manjem dijelu željezne predmete. Prema njihovoj namjeni, predmete iz ove zbirke možemo podijeliti na:\\n−predmete za kućnu uporabu \\n−nakit \\n−predmete za rad u polju \\n−predmete vezane za vjerske obrede i rituale. \\n\\nNajbrojniju skupinu građe unutar Arheološke zbirke čine fragmenti keramike i kamena koji su pronađeni pri iskopima u samom dvorištu, ulaznoj veži i vrtu Kaštela. Iz ove zbirke svakako valja istaknuti predmete poput Sentoninog žrtvenika (1. - 2. st. n. e.) koji je pronađen kod Katuna Boljunskog, a radi se o zavjetnom žrtveniku autohtonoj antičkoj božici Sentoni, zatim rimski nadgrobni spomenik iz Cerja kod Grimalde te ulomak rimskog nadgrobnog spomenika iz Terlevića, nedaleko Tinjana."
  },
  "en": {
    "hero": "ARCHAEOLOGICAL COLLECTION",
    "header": "Voditelj zbirke:\\nnepoznato\\nUvod u zbirku: nepoznato",
    "content": "Fundus of the Archaeological Collection is dated in the period from the 1st century until recent times. Based on the materials of the items within, it can be divided into the following groups: stone objects, fragments of ceramics and glass and, in a smaller part, metal objects. \\nAccording to the purpose of the items, it can be divided into: \\n−household items,\\n−jewelry,\\n−agricultural tools,\\n−religious and ritual items.  \\n\\nThe most numerable group presents stone and ceramic fragments from the courtyard, entrance and garden area of the Castle. It is also important to emphasize the value of larger stone monuments, such as the votive altar dedicated to the autochthon antique goddess Sentona (1st – 2nd century) found near Katun Boljunski, Roman tombstone from Cerje near Grimalda and a fragment of a Roman tombstone from Terlevići near Tinjan."
  }
}
