{
  "id": 10,
  "meni": false,
  "page": "modna",
  "folder": "/static/img/odjeli/zbirke/modna/",
  "hr": {
    "hero": "ZBIRKA TEKSTILNIH PREDMETA, MODNOG PRIBORA I NAKITA",
    "header": "Voditeljica zbirke:\\nMaja Zidarić Pilat, kustosica\\nUvod u zbirku: nepoznato",
    "content": "Zbirku tekstilnih predmeta, modnog pribora i nakita čine predmeti datirani u 19. i 20. stoljeće koji svjedoče o gradskom i ruralnom životu. Građa unutar zbirke može se podijeliti u sljedeće skupine:\\n−kućanski predmeti – ručnici, stolnjaci, ubrusi, podmetači i sl.\\n−oprema stana / kuće – zavjese, tepisi, zidne ukrasne krpe i sl. \\n−posteljina – jastučnice, plahte i prekrivači za krevet\\n−odjeća i modni dodatci – muške službene odore, haljine, košulje, spavaćice, kućni ogrtači, žensko donje rublje, čarape, muška i ženska svečana odjeća (vjenčanica), ženske torbe i muške poslovne torbe, novčanici, cipele…\\n−pozamanterija – dugmad.\\n\\nVećina građe unutar Zbirke svakodnevno se koristila u kućanstvu ili svakodnevnom životu općenito, a izgledom, detaljnom obradom i očuvanošću izdvajaju se jastučnice i ručnici s ručno izvezenim monogramima, izvezen prekrivač za krevet te veliki broj ženskih torbica. Izgledom i uporabnim karakteristikama izdvaja se vjenčanica iz 1975. i njen modni dodatak – ručno izrađena torbica, kukičana od bijelog krep papira. Uz to, u ovoj je Zbirci pohranjena poslovna torba i cilindar Saše Šantela.\\n\\nZbirka tekstilnih predmeta, modnog pribora i nakita upisana je u Registar kulturnih dobara Republike Hrvatske temeljem Rješenja Ministarstva kulture Republike Hrvatske od 22. prosinca 2011. godine."
  },
  "en": {
    "hero": "COLLECTION OF TEXTILES, FASHION ACCESSORIES AND JEWELRY",
    "header": "Voditeljica zbirke:\\nMaja Zidarić Pilat, kustosica\\nUvod u zbirku: nepoznato",
    "content": "Collection of Textiles, Fashion Accessories and Jewelry consists of items dated in the 19th and the 20th century witnessing this specific aspect of the urban and rural life. Fundus of the Collection can be divided into following groups: \\n−Household items – towels, tablecloths, napkins, mats etc. \\n−house and apartment equipment – curtains, carpets, decorative wall rags etc. \\n−sets of bed linen – pillow cases, sheets, bed covers, \\n−clothing and fashion accessories – forma male suits, dresses, shirts, night gowns, housecoats, male and female ceremonial outfits (wedding dress), women's purses and men's business bags, wallets, shoes, …\\n−haberdashery - buttons.\\n\\nMajority of items within the Collection was used in households on a everyday basis. Pillow cases and towels decorated with hand-knit monogrames, bed cover and a large number of women's purses stand out of the collection by details, manner of production and preservation. So does the wedding dress from 1975 and its accessory – white crape paper hand made purse.\\nBusiness bag and cylinder, belonging to Saša Šantel, are also a part of the Collection of Textiles, Fashion Accessories and Jewelry."
  }
}
