{
  "id": 3,
  "meni": false,
  "page": "sakralna",
  "folder": "/static/img/odjeli/zbirke/sakralna/",
  "hr": {
    "hero": "SAKRALNA ZBIRKA",
    "header": "Voditelj zbirke:\\nnepoznato\\nUvod u zbirku: nepoznato",
    "content": "Sakralna zbirka sastoji se od građe datirane u razdoblje od 14. stoljeća do recentnog doba koju je moguće podijeliti u sljedeće skupine:\\n−predmeti iz inventara i opreme crkava - drveni retabl oltara, antependij, kandilo, svijećnjaci i pale\\n−svetačka plastika – kipovi i reljefna plastika s prikazima svetaca\\n−liturgijska odjeća – biskupska mitra\\n−vjerske publikacije i rukopisi – molitvenici, kalendari, rukopisni zapisi molitvi itd.\\n−devocionalije – svete medaljice, svete sličice, krunice itd.\\n\\nNajbrojniju skupinu građe unutar Sakralne zbirke čine devocionalije s velikim brojem svetih sličica i medaljica, razvrstane u skupine s prikazima Krista, Bogorodice i svetaca. Posebno mjesto unutar zbirke imaju predmeti inventara i opreme crkava, primjerice antependij iz 17. stoljeća koji potječe iz nekadašnje crkve sv. Antuna Pustinjaka u Pazinu, drveni retabl oltara iz 17. stoljeće iz crkve sv. Marije Magdalene iz Bazgalji, kandilo iz 18. stoljeća te svetački kipovi – kip sveca datiran u 14./15. stoljeće i kip Boga Oca datiran u 16./17. stoljeće."
  },
  "en": {
    "hero": "SACRAL COLLECTION",
    "header": "Voditelj zbirke:\\nnepoznato\\nUvod u zbirku: nepoznato",
    "content": "Fundus of the Sacral Collection consists of items dated in the period between the 14th century until recent times and can be divided into the following groups:\\n−Items belonging to church inventories – wooden retable, antependium, thurible,  candle holders and altar pieces,\\n−sculptures – statues and reliefs with depictions of Saints, \\n−Liturgical vestments – Bishops mitre, \\n−religious publications and manuscripts - prayer books, calendars, manuscripts of prayers etc. \\n−Devotionals – medallions, images of saints, rosaries etc.\\n\\nLargest group of items within the Collection consists of devotionals with images of Christ, Madonna and Saints. A special group includes items belonging to the inventories of churches, for example an antependium from the 17th century belonging to the ruinous church of St Anthony the Hermit in Pazin, a wooden retable from the 17th century belonging to the church of Mary Magdalene in Bazgalji, thurible from the 18th century, sculpture of a Saint from the 14th or the 15th century and the statue of God the Father from the 16th or the 17th century."
  }
}
